<?xml version="1.0" encoding="UTF-8"?>
<project-private xmlns="http://www.netbeans.org/ns/project-private/1">
    <editor-bookmarks xmlns="http://www.netbeans.org/ns/editor-bookmarks/2" lastBookmarkId="0"/>
    <open-files xmlns="http://www.netbeans.org/ns/projectui-open-files/2">
        <group>
            <file>file:/D:/Productions/Productions/src/main/Productions.java</file>
            <file>file:/D:/Productions/Productions/src/Dao/DBConnect.java</file>
            <file>file:/D:/Productions/Productions/src/Controllers/CUser.java</file>
            <file>file:/D:/Productions/Productions/src/Views/IGUser.java</file>
            <file>file:/D:/Productions/Productions/src/Dao/daoUser.java</file>
            <file>file:/D:/Productions/Productions/src/Models/User.java</file>
        </group>
    </open-files>
</project-private>
